8,AGEL FY 25-26 Commissioning Status Update,,,,,,,,,For Chairman Budget Purpose @6.5GW +535 MW carryover,,,,,,,,,,,,31-Dec-25,,,,,
3,,,,,,,,,Monthwise Distribution,,,,,,,,,,,,,,,Quarterly Distribution,,,
,,,,,,,,Plan / Actual,Apr-25,May-25,Jun-25,Jul-25,Aug-25,Sep-25,Oct-25,Nov-25,Dec-25,Jan-26,Feb-26,Mar-26,Total Capacity,Cumm till 30-Nov-25,,Q1,Q2,Q3,Q4
,"AGEL Overall FY 2025-26 
(1+2)",,,,,,,Plan,1115,532,1546,644,26,459,419,655,1039,562,,76,7073,5396,,3193,1129,2113,638
,,,,,,,,PPA,583,,475,623,26,459,419,351,909,300,,,4144,2935,,1058,1108,1679,300
,,,,,,,,Merchant,506,501,646,21,,,,304,130,262,,76,2446,1978,,1653,21,434,338
,,,,,,,,Group,26,31,425,,,,,,,,,,482,482,,482,,,
,,,,,,,,Rephase,474,314,849,576,653,353,366,459,783,971,880,396,7073,4043,,1636,1582,1608,2247
,,,,,,,,PPA,320,163,463,188,150,200,100,254,783,717,550,258,4144,1837,,945,538,1137,1525
,,,,,,,,Merchant,154,125,355,238,278,153,216,205,,254,330,138,2446,1724,,634,669,421,722
,,,,,,,,Group,,26,31,150,225,,50,,,,,,482,482,,57,375,50,
,,,,,,,,Actual / Fcst,474,314,849,128,537,531,203,333,482,952,876,910,6589,3369,,1636,1196,1018,2738
,,,,,,,,PPA,320,163,463,,138,175,203,247,207,575,425,746,3660,1707,,945,313,657,1746
,,,,,,,,Merchant,154,125,355,128,250,306,,86,50,377,451,164,2446,1404,,634,684,136,992
,,,,,,,,Group,,26,31,,150,50,,,225,,,,482,257,,57,200,225,
,,,,,,,,,,,,,,,,,,,,,,,,,,,
,,,,,,,,Plan / Actual,Apr-25,May-25,Jun-25,Jul-25,Aug-25,Sep-25,Oct-25,Nov-25,Dec-25,Jan-26,Feb-26,Mar-26,Total Capacity,Cumm till 30-Nov-25,,Q1,Q2,Q3,Q4
,"1. AGEL Overall Solar FY 2025-26 
(A + B + C)",,,,,,,Plan,933,350,1302,550,,433,367,525,909,500,,,5869,4460,,2585,983,1801,500
,,,,,,,,PPA,583,,475,550,,433,367,325,909,300,,,3942,2733,,1058,983,1601,300
,,,,,,,,Merchant,350,350,402,,,,,200,,200,,,1502,1302,,1102,,200,200
,,,,,,,,Group,,,425,,,,,,,,,,425,425,,425,,,
,,,,,,,,Rephase,370,288,688,498,575,275,262,355,684,867,750,258,5869,3310,,1345,1348,1301,1875
,,,,,,,,PPA,320,163,463,188,150,200,100,150,684,717,550,258,3942,1733,,945,538,934,1525
,,,,,,,,Merchant,50,125,225,160,200,75,112,205,,150,200,,1502,1152,,400,435,317,350
,,,,,,,,Group,,,,150,225,,50,,,,,,425,425,,,375,50,
,,,,,,,,Actual / Fcst,370,288,688,60,413,500,125,250,425,838,705,725,5385,2693,,1345,973,800,2267
,,,,,,,,PPA,320,163,463,,138,175,125,200,150,575,425,725,3458,1583,,945,313,475,1725
,,,,,,,,Merchant,50,125,225,60,125,275,,50,50,263,280,,1502,910,,400,460,100,542
,,,,,,,,Group,,,,,150,50,,,225,,,,425,200,,,200,225,
,,,,,,,,,,,,,,,,,,,,,,,,,,,
,S. No.,Project Name ,SPV,Type,Plot / Location / PSS,Capacity,Type,Plan Actual,Apr-25,May-25,Jun-25,Jul-25,Aug-25,Sep-25,Oct-25,Nov-25,Dec-25,Jan-26,Feb-26,Mar-26,Total Capacity,Cumm till 30-Nov-25,,Q1,Q2,Q3,Q4
,A. Khavda Solar Projects,,,,,,,,,,,,,,,,,,,,,,,,,,
,1,AGEL Merchant,ARE56L,Merchant,S-08,250,Merchant,Plan,150,100,,,,,,,,,,,250,250,,250,,,
,,,,,,,Merchant,Rephase,,75,50,50,75,,,,,,,,250,250,,125,125,,
,,,,,,,Merchant,Actual / Fcst,,75,50,,125,,,,,,,,250,250,,125,125,,
,2,AGEL Merchant,ARE56L,Merchant,A-02,50,Merchant,Plan,50,,,,,,,,,,,,50,50,,50,,,
,2,AGEL Merchant,ARE56L,Merchant,A-02,,Merchant,Rephase,,50,,,,,,,,,,,50,50,,50,,,
,2,AGEL Merchant,ARE56L,Merchant,A-02,,Merchant,Actual / Fcst,,50,,,,,,,,,,,50,50,,50,,,
,3,MLP AP New,ARE57L,PPA,A-11,187.5,PPA,Plan,188,,,,,,,,,,,,188,188,,188,,,
,3,MLP AP New,ARE57L,PPA,A-11,,PPA,Rephase,75,113,,,,,,,,,,,188,188,,188,,,
,3,MLP AP New,ARE57L,PPA,A-11,,PPA,Actual / Fcst,75,113,,,,,,,,,,,188,188,,188,,,
,4,MLP AP New,ARE57L,PPA,A-12,350,PPA,Plan,,,100,250,,,,,,,,,350,350,,100,250,,
,4,MLP AP New,ARE57L,PPA,A-12,,PPA,Rephase,,50,175,,75,50,,,,,,,350,350,,225,125,,
,4,MLP AP New,ARE57L,PPA,A-12,,PPA,Actual / Fcst,,50,175,,,,,125,,,,,350,350,,225,,125,
,5,SECI H-3,AHEJ5L,PPA,A-13,570,PPA,Plan,295,,275,,,,,,,,,,570,570,,570,,,
,5,SECI H-3,AHEJ5L,PPA,A-13,,PPA,Rephase,145,,150,75,,50,50,100,,,,,570,570,,295,125,150,
,5,SECI H-3,AHEJ5L,PPA,A-13,,PPA,Actual / Fcst,145,,150,,50,75,75,,75,,,,570,495,,295,125,150,
,6,AGEL Merchant,ARE45L,Merchant,A-14,250,Merchant,Plan,150,100,,,,,,,,,,,250,250,,250,,,
,6,AGEL Merchant,ARE45L,Merchant,A-14,,Merchant,Rephase,50,,125,,75,,,,,,,,250,250,,175,75,,
,6,AGEL Merchant,ARE45L,Merchant,A-14,,Merchant,Actual / Fcst,50,,125,,,75,,,,,,,250,250,,175,75,,
,7,MLP T3 AP,ARE56L,PPA,S-06,500,PPA,Plan,100,,100,300,,,,,,,,,500,500,,200,300,,
,7,MLP T3 AP,ARE56L,PPA,S-06,,PPA,Rephase,100,,138,113,,50,50,50,,,,,500,500,,238,163,100,
,7,MLP T3 AP,ARE56L,PPA,S-06,,PPA,Actual / Fcst,100,,138,,88,100,,75,,,,,500,500,,238,188,75,
,8,Google Hybrid,ARE3L,Merchant,A-6,25,Merchant,Plan,,,25,,,,,,,,,,25,25,,25,,,
,8,Google Hybrid,ARE3L,Merchant,A-6,,Merchant,Rephase,,,,25,,,,,,,,,25,25,,,25,,
,8,Google Hybrid,ARE3L,Merchant,A-6,,Merchant,Actual / Fcst,,,,25,,,,,,,,,25,25,,,25,,
,9,AGEL Merchant,ASEJ6PL,Merchant,A-6,35,Merchant,Plan,,,35,,,,,,,,,,35,35,,35,,,
,9,AGEL Merchant,ASEJ6PL,Merchant,A-6,,Merchant,Rephase,,,,35,,,,,,,,,35,35,,,35,,
,9,AGEL Merchant,ASEJ6PL,Merchant,A-6,,Merchant,Actual / Fcst,,,,35,,,,,,,,,35,35,,,35,,
,10,AGEL Hybrid Merchant,AGE25BL,Merchant,S-8,100,Merchant,Plan,,,,,,,,,,100,,,100,,,,,,100
,10,AGEL Hybrid Merchant,AGE25BL,Merchant,S-8,,Merchant,Rephase,,,,,50,,,50,,,,,100,100,,,50,50,
,10,AGEL Hybrid Merchant,AGE25BL,Merchant,S-8,,Merchant,Actual / Fcst,,,,,,100,,,,,,,100,100,,,100,,
,11,AGEL Merchant,AHEJ5L,Merchant,A-15a,150,Merchant,Plan,,,,,,,,50,,100,,,150,50,,,,50,100
,11,AGEL Merchant,AHEJ5L,Merchant,A-15a,,Merchant,Rephase,,,,,,,50,50,,50,,,150,100,,,,100,50
,11,AGEL Merchant,AHEJ5L,Merchant,A-15a,,Merchant,Actual / Fcst,,,,,,50,,,,50,50,,150,50,,,50,,100
,12,AGEL Hybrid Merchant,AGE26BL,Merchant,S-5,292,Merchant,Plan,,100,192,,,,,,,,,,292,292,,292,,,
,12,AGEL Hybrid Merchant,AGE26BL,Merchant,S-5,,Merchant,Rephase,,,,50,,75,62,105,,,,,292,292,,,125,167,
,12,AGEL Hybrid Merchant,AGE26BL,Merchant,S-5,,Merchant,Actual / Fcst,,,,,,50,,50,50,75,67,,292,100,,,50,100,142
,12a,AGEL Hybrid Merchant,AGE26BL,Merchant,S-5,142,,,,100,42,,,,,,,,,,142,142,,142,,,
,12,AGEL Hybrid Merchant,AGE26BL,Merchant,S-5,,,,,,,50,,75,17,,,,,,142,142,,,125,17,
,12,AGEL Hybrid Merchant,AGE26BL,Merchant,S-5,,,,,,,,,50,,50,,,42,,142,100,,,50,50,42
,12b,AGEL Merchant,AGE26BL,Merchant,S-5,150,,,,,150,,,,,,,,,,150,150,,150,,,
,12,AGEL Hybrid Merchant,AGE26BL,Merchant,S-5,,,,,,,,,,45,105,,,,,150,150,,,,150,
,12,AGEL Hybrid Merchant,AGE26BL,Merchant,S-5,,,,,,,,,,,,50,75,25,,150,,,,,50,100
,13,AGEL Merchant,AGE24L,Merchant,S-5,150,Merchant,Plan,,50,100,,,,,,,,,,150,150,,150,,,
,13,AGEL Merchant,AGE24L,Merchant,S-5,,Merchant,Rephase,,,,,,,,,,50,100,,150,,,,,,150
,13,AGEL Merchant,AGE24L,Merchant,S-5,,Merchant,Actual / Fcst,,,,,,,,,,63,88,,150,,,,,,150
,14,AGEL Merchant,AGE24L,Merchant,A-14,150,Merchant,Plan,,,,,,,,150,,,,,150,150,,,,150,
,14,AGEL Merchant,AGE24L,Merchant,A-14,,Merchant,Rephase,,,,,,,,,,50,100,,150,,,,,,150
,14,AGEL Merchant,AGE24L,Merchant,A-14,,Merchant,Actual / Fcst,,,,,,,,,,75,75,,150,,,,,,150
,15,Cement - Hybrid,ACL,Group,A-1,125,Group,Plan,,,125,,,,,,,,,,125,125,,125,,,
,15,Cement - Hybrid,ACL,Group,A-1,,Group,Rephase,,,,,75,,50,,,,,,125,125,,,75,50,
,15,Cement - Hybrid,ACL,Group,A-1,,Group,Actual / Fcst,,,,,,50,,,75,,,,125,50,,,50,75,
,16,MLP T3 AP,AGE25CL,PPA,A-6,75,PPA,Plan,,,,,,,,75,,,,,75,75,,,,75,
,16,MLP T3 AP,AGE25CL,PPA,A-6,,PPA,Rephase,,,,,75,,,,,,,,75,75,,,75,,
,16,MLP T3 AP,AGE25CL,PPA,A-6,,PPA,Actual / Fcst,,,,,,,,,75,,,,75,,,,,75,
,17,MLP T1 J&K,AGE26AL,PPA,A-16,50,PPA,Plan,,,,,,50,,,,,,,50,50,,,50,,
,17,MLP T1 J&K,AGE26AL,PPA,A-16,,PPA,Rephase,,,,,,,,,50,,,,50,,,,,50,
,17,MLP T1 J&K,AGE26AL,PPA,A-16,,PPA,Actual / Fcst,,,,,,,,,,50,,,50,,,,,,50
,18,MLP T1 CG,AGE26AL,PPA,A-16,200,PPA,Plan,,,,,,,200,,,,,,200,200,,,,200,
,18,MLP T1 CG,AGE26AL,PPA,A-16,,PPA,Rephase,,,,,,,,,50,100,50,,200,,,,,50,150
,18,MLP T1 CG,AGE26AL,PPA,A-16,,PPA,Actual / Fcst,,,,,,,,,,175,25,,200,,,,,,200
,19,MLP T1 TN,AGE26AL,PPA,A-16,167,PPA,Plan,,,,,,,167,,,,,,167,167,,,,167,
,19,MLP T1 TN,AGE26AL,PPA,A-16,,PPA,Rephase,,,,,,,,,50,117,,,167,,,,,50,117
,19,MLP T1 TN,AGE26AL,PPA,A-16,,PPA,Actual / Fcst,,,,,,,,,,100,67,,167,,,,,,167
,20,MLP T1 OR,AGE26AL,PPA,A-16,333,PPA,Plan,,,,,,333,,,,,,,333,333,,,333,,
,20,MLP T1 OR,AGE26AL,PPA,A-16,,PPA,Rephase,,,,,,,,,,100,100,133,333,,,,,,333
,20,MLP T1 OR,AGE26AL,PPA,A-16,,PPA,Actual / Fcst,,,,,,,,,,150,183,,333,,,,,,333
,21,MLP T1 TR,AGE26AL,PPA,A10a,50,PPA,Plan,,,,,,50,,,,,,,50,50,,,50,,
,21,MLP T1 TR,AGE26AL,PPA,A10a,,PPA,Rephase,,,,,,50,,,,,,,50,50,,,50,,
,21,MLP T1 TR,AGE26AL,PPA,A10a,,PPA,Actual / Fcst,,,,,,,50,,,,,,50,50,,,,50,
,22,MLP T3 AP,AGE25CL,PPA,A-6,425,PPA,Plan,,,,,,,,,425,,,,425,,,,,425,
,22,MLP T3 AP,AGE25CL,PPA,A-6,,PPA,Rephase,,,,,,,,,,150,150,125,425,,,,,,425
,22,MLP T3 AP,AGE25CL,PPA,A-6,,PPA,Actual / Fcst,,,,,,,,,,100,150,175,425,,,,,,425
,,,,,,,,,,,,,,,,,,,,,,,,,,,
,A. Subtotal (Khavda Solar Projects),,,,,4485,,Plan,933,350,952,550,,433,367,275,425,200,,,4485,3860,,2235,983,1067,200
,,,,,,,,PPA,583,,475,550,,433,367,75,425,,,,2908,2483,,1058,983,867,
,,,,,,,,Merchant,350,350,352,,,,,200,,200,,,1452,1252,,1052,,200,200
,,,,,,,,Group,,,125,,,,,,,,,,125,125,,125,,,
,,,,,,,,Rephase,370,288,638,348,425,275,262,355,150,617,500,258,4485,2960,,1295,1048,767,1375
,,,,,,,,PPA,320,163,463,188,150,200,100,150,150,467,300,258,2908,1733,,945,538,400,1025
,,,,,,,,Merchant,50,125,175,160,200,75,112,205,,150,200,,1452,1102,,350,435,317,350
,,,,,,,,Group,,,,,75,,50,,,,,,125,125,,,75,50,
,,,,,,,,Actual / Fcst,370,288,638,60,263,500,125,250,275,838,705,175,4485,2493,,1295,823,650,1717
,,,,,,,,PPA,320,163,463,,138,175,125,200,150,575,425,175,2908,1583,,945,313,475,1175
,,,,,,,,Merchant,50,125,175,60,125,275,,50,50,263,280,,1452,860,,350,460,100,542
,,,,,,,,Group,,,,,,50,,,75,,,,125,50,,,50,75,
,,,,,,,,,,,,,,,,,,,,,,,,,,,
,B. Rajasthan Solar Projects,,,,,,,,,,,,,,,,,,,,,,,,,,
,1,Cement  RJ,ACL,Group,Essel park,300,Group,Plan,,,300,,,,,,,,,,300,300,,300,,,
,,,,,,,Group,Rephase,,,,150,150,,,,,,,,300,300,,,300,,
,,,,,,,Group,Actual / Fcst,,,,,150,,,,150,,,,300,150,,,150,150,
,2,Merchant,ASEJ6PL,Merchant,Bap,50,Merchant,Plan,,,50,,,,,,,,,,50,50,,50,,,
,,,,,,,Merchant,Rephase,,,50,,,,,,,,,,50,50,,50,,,
,,,,,,,Merchant,Actual / Fcst,,,50,,,,,,,,,,50,50,,50,,,
,3,MLP AP New,AGE26BL,PPA,Bandha,534,PPA,Plan,,,,,,,,250,284,,,,534,250,,,,534,
,,,,,,,PPA,Rephase,,,,,,,,,534,,,,534,,,,,534,
,,,,,,,PPA,Actual / Fcst,,,,,,,,,,,,,,,,,,,
,4,MLP T1 ,AGE25BL,PPA,Bandha,500,PPA,Plan,,,,,,,,,200,300,,,500,,,,,200,300
,,,,,,,PPA,Rephase,,,,,,,,,,250,250,,500,,,,,,500
,,,,,,,PPA,Actual / Fcst,,,,,,,,,,,,250,250,,,,,,250
,,,,,,,,,,,,,,,,,,,,,,,,,,,
,B. Rajasthan Solar Projects,,,,,1384,,Plan,,,350,,,,,250,484,300,,,1384,600,,350,,734,300
,,,,,,,,PPA,,,,,,,,250,484,300,,,1034,250,,,,734,300
,,,,,,,,Merchant,,,50,,,,,,,,,,50,50,,50,,,
,,,,,,,,Group,,,300,,,,,,,,,,300,300,,300,,,
,,,,,,,,Rephase,,,50,150,150,,,,534,250,250,,1384,350,,50,300,534,500
,,,,,,,,PPA,,,,,,,,,534,250,250,,1034,,,,,534,500
,,,,,,,,Merchant,,,50,,,,,,,,,,50,50,,50,,,
,,,,,,,,Group,,,,150,150,,,,,,,,300,300,,,300,,
,,,,,,,,Actual / Fcst,,,50,,150,,,,150,,,250,600,200,,50,150,150,250
,,,,,,,,PPA,,,,,,,,,,,,250,250,,,,,,250
,,,,,,,,Merchant,,,50,,,,,,,,,,50,50,,50,,,
,,,,,,,,Group,,,,,150,,,,150,,,,300,150,,,150,150,
,,,,,,,,,,,,,,,,,,,,,,,,,,,
,C. Rajasthan Solar Projects (Additional to Chairman Plan - 500 MW),,,,,,,,,,,,,,,,,,,,,,,,,,
,3,NHPC BOO,ASEB1PL,PPA,Baiya,600,PPA,Plan,,,,,,,,,,,,,,,,,,,
,,,,,,,PPA,Rephase,,,,,,,,,,,,,,,,,,,
,,,,,,,PPA,Actual / Fcst,,,,,,,,,,,,300,300,,,,,,300
,,,,,,,,,,,,,,,,,,,,,,,,,,,
,"C. Rajasthan Solar Projects 
(Additional to Chairman Plan - 500 MW)",,,,,600,,Plan,,,,,,,,,,,,,,,,,,,
,,,,,,,,PPA,,,,,,,,,,,,,,,,,,,
,,,,,,,,Merchant,,,,,,,,,,,,,,,,,,,
,,,,,,,,Group,,,,,,,,,,,,,,,,,,,
,,,,,,,,Rephase,,,,,,,,,,,,,,,,,,,
,,,,,,,,PPA,,,,,,,,,,,,,,,,,,,
,,,,,,,,Merchant,,,,,,,,,,,,,,,,,,,
,,,,,,,,Group,,,,,,,,,,,,,,,,,,,
,,,,,,,,Actual / Fcst,,,,,,,,,,,,300,300,,,,,,300
,,,,,,,,PPA,,,,,,,,,,,,300,300,,,,,,300
,,,,,,,,Merchant,,,,,,,,,,,,,,,,,,,
,,,,,,,,Group,,,,,,,,,,,,,,,,,,,
,,,,,,,,,,,,,,,,,,,,,,,,,,,
,D1. Khavda Solar (Copper + Merchant - 50 MW),,,,,,,,,,,,,,,,,,,,,,,,,,
,25,KCTL,KCTL,Group,A-15a,12.5,Group,Plan,,,,,,,,,,,,,,,,,,,
,,,,,,,Group,Rephase,,,,,,,,,,,12.5,,12.5,,,,,,12.5
,,,,,,,Group,Actual / Fcst,,,,,,,,,,,12.5,,12.5,,,,,,12.5
,26,MCIPL,MCIPL,Group,A-15a,12.5,Group,Plan,,,,,,,,,,,,,,,,,,,
,,,,,,,Group,Rephase,,,,,,,,,,,12.5,,12.5,,,,,,12.5
,,,,,,,Group,Actual / Fcst,,,,,,,,,,,12.5,,12.5,,,,,,12.5
,27,AGEL Merchant,ASEJo6PL,Merchant,A-15a,25,Merchant,Plan,,,,,,,,,,,,,,,,,,,
,,,,,,,Merchant,Rephase,,,,,,,,,,,25,,25,,,,,,25
,,,,,,,Merchant,Actual / Fcst,,,,,,,,,,,25,,25,,,,,,25
,,,,,,,,,,,,,,,,,,,,,,,,,,,
,"D1. Khavda Solar 
(Copper + Merchant - 50 MW)",,,,,50,,Plan,,,,,,,,,,,,,,,,,,,
,,,,,,,,PPA,,,,,,,,,,,,,,,,,,,
,,,,,,,,Merchant,,,,,,,,,,,,,,,,,,,
,,,,,,,,Group,,,,,,,,,,,,,,,,,,,
,,,,,,,,Rephase,,,,,,,,,,,50,,50,,,,,,50
,,,,,,,,PPA,,,,,,,,,,,,,,,,,,,
,,,,,,,,Merchant,,,,,,,,,,,25,,25,,,,,,25
,,,,,,,,Group,,,,,,,,,,,25,,25,,,,,,25
,,,,,,,,Actual / Fcst,,,,,,,,,,,50,,50,,,,,,50
,,,,,,,,PPA,,,,,,,,,,,,,,,,,,,
,,,,,,,,Merchant,,,,,,,,,,,25,,25,,,,,,25
,,,,,,,,Group,,,,,,,,,,,25,,25,,,,,,25
,,,,,,,,,,,,,,,,,,,,,,,,,,,
,D2. Khavda Solar (Additional for Internal - 650 MW),,,,,,,,,,,,,,,,,,,,,,,,,,
,23,AGEL Hybrid Merchant,AHEJ5L,Merchant,S-4,300,Merchant,Plan,,,,,,,,,,150,200,,350,,,,,,350
,,,,,,,Merchant,Rephase,,,,,,,,,100,100,100,,300,,,,,100,200
,,,,,,,Merchant,Actual / Fcst,,,,,,,,,,,,,,,,,,,
,24,MLP AP New,ARE57L,PPA,A-12,350,PPA,Plan,,,,,,,,,100,100,100,,300,,,,,100,200
,,,,,,,PPA,Rephase,,,,,,,,,150,200,,,350,,,,,150,200
,,,,,,,PPA,Actual / Fcst,,,,,,,,,,,,,,,,,,,
,,,,,,,,,,,,,,,,,,,,,,,,,,,
,"D2. Khavda Solar 
(Additional from Internal - 650 MW)",,,,,650,,Plan,,,,,,,,,100,250,300,,650,,,,,100,550
,,,,,,,,PPA,,,,,,,,,100,100,100,,300,,,,,100,200
,,,,,,,,Merchant,,,,,,,,,,150,200,,350,,,,,,350
,,,,,,,,Group,,,,,,,,,,,,,,,,,,,
,,,,,,,,Rephase,,,,,,,,,250,300,100,,650,,,,,250,400
,,,,,,,,PPA,,,,,,,,,150,200,,,350,,,,,150,200
,,,,,,,,Merchant,,,,,,,,,100,100,100,,300,,,,,100,200
,,,,,,,,Group,,,,,,,,,,,,,,,,,,,
,,,,,,,,Actual / Fcst,,,,,,,,,,,,,,,,,,,
,,,,,,,,PPA,,,,,,,,,,,,,,,,,,,
,,,,,,,,Merchant,,,,,,,,,,,,,,,,,,,
,,,,,,,,Group,,,,,,,,,,,,,,,,,,,
,,,,,,,,,,,,,,,,,,,,,,,,,,,
,,,,,,,,,,,,,,,,,,,,,,,,,,,
,,,,,,,,Plan / Actual,Apr-25,May-25,Jun-25,Jul-25,Aug-25,Sep-25,Oct-25,Nov-25,Dec-25,Jan-26,Feb-26,Mar-26,Total Capacity,Cumm till 30-Nov-25,,Q1,Q2,Q3,Q4
,"2. AGEL Overall Wind FY 2025-26 
(A + C)",,,,,,,Plan,182,182,244,94,26,26,52,130,130,62,,76,1204,936,,608,146,312,138
,,,,,,,,PPA,,,,73,26,26,52,26,,,,,203,203,,,125,78,
,,,,,,,,Merchant,156,151,244,21,,,,104,130,62,,76,944,676,,551,21,234,138
,,,,,,,,Group,26,31,,,,,,,,,,,57,57,,57,,,
,,,,,,,,Rephase,104,26,161,78,78,78,104,104,99,104,130,138,1204,733,,291,234,307,372
,,,,,,,,PPA,,,,,,,,104,99,,,,203,104,,,,203,
,,,,,,,,Merchant,104,,130,78,78,78,104,,,104,130,138,944,572,,234,234,104,372
,,,,,,,,Group,,26,31,,,,,,,,,,57,57,,57,,,
,,,,,,,,Actual / Fcst,104,26,161,68,125,31,78,83,57,114,172,185,1204,676,,291,224,218,471
,,,,,,,,PPA,,,,,,,78,47,57,,,21,203,125,,,,182,21
,,,,,,,,Merchant,104,,130,68,125,31,,36,,114,172,164,944,494,,234,224,36,450
,,,,,,,,Group,,26,31,,,,,,,,,,57,57,,57,,,
,,,,,,,,,,,,,,,,,,,,,,,,,,,
,,,,,,,,,,,,,,,,,,,,,,,,,,,
,A. Khavda Wind Projects,,,,,,,,,,,,,,,,,,,,,,,,,,
,1,AGEL Merchant,AGE24L,Merchant,PSS-04,52,Merchant,Plan,52,,,,,,,,,,,,52,52,,52,,,
,,,,,,,Merchant,Rephase,52,,,,,,,,,,,,52,52,,52,,,
,,,,,,,Merchant,Actual / Fcst,52,,,,,,,,,,,,52,52,,52,,,
,2,Hybrid Cement,ACL,Group,PSS-04,57.2,Group,Plan,26,31,,,,,,,,,,,57,57,,57,,,
,,,,,,,Group,Rephase,,26,31,,,,,,,,,,57,57,,57,,,
,,,,,,,Group,Actual / Fcst,,26,31,,,,,,,,,,57,57,,57,,,
,3,AGEL Merchant,AHEJ5L,Merchant,PSS-04,62.4,Merchant,Plan,52,10,,,,,,,,,,,62,62,,62,,,
,,,,,,,Merchant,Rephase,52,,10,,,,,,,,,,62,62,,62,,,
,,,,,,,Merchant,Actual / Fcst,52,,10,,,,,,,,,,62,62,,62,,,
,4,AGEL Hybrid Merchant,AGE26BL,Merchant,PSS-10,156,Merchant,Plan,52,104,,,,,,,,,,,156,156,,156,,,
,,,,,,,Merchant,Rephase,,,120,26,10,,,,,,,,156,156,,120,36,,
,,,,,,,Merchant,Actual / Fcst,,,120,26,,,,,,,10,,156,146,,120,26,,10
,5,AGEL Merchant,AHEJ5L,Merchant,PSS-08,67.6,Merchant,Plan,,,68,,,,,,,,,,68,68,,68,,,
,,,,,,,Merchant,Rephase,,,,,,52,16,,,,,,68,68,,,52,16,
,,,,,,,Merchant,Actual / Fcst,,,,,,31,,31,,5,,,68,62,,,31,31,5
,6,AGEL Merchant,ARE41L,Merchant,PSS-08,130,Merchant,Plan,,36,94,,,,,,,,,,130,130,,130,,,
,,,,,,,Merchant,Rephase,,,,52,26,26,26,,,,,,130,130,,,104,26,
,,,,,,,Merchant,Actual / Fcst,,,,,125,,,5,,,,,130,130,,,125,5,
,7,Google Hybrid,ARE3L,Merchant,PSS-08,15.6,Merchant,Plan,, ,16,,,,,,,,,,16,16,,16,,,
,,,,,,,Merchant,Rephase,,,,,16,,,,,,,,16,16,,,16,,
,,,,,,,Merchant,Actual / Fcst,,,,16,,,,,,,,,16,16,,,16,,
,8,Google Hybrid,ARE3L,Merchant,PSS-08,26,Merchant,Plan,,,26,,,,,,,,,,26,26,,26,,,
,,,,,,,Merchant,Rephase,,,,,26,,,,,,,,26,26,,,26,,
,,,,,,,Merchant,Actual / Fcst,,,,26,,,,,,,,,26,26,,,26,,
,9,AGEL Hybrid Merchant,ASEJ6PL,Merchant,PSS-08,62.4,Merchant,Plan,,,42,21,,,,,,,,,62,62,,42,21,,
,,,,,,,Merchant,Rephase,,,,,,,62,,,,,,62,62,,,,62,
,,,,,,,Merchant,Actual / Fcst,,,,,,,,,,31,21,10,62,,,,,,62
,10,SECI H-3,AHEJ5L,PPA,PSS-05,202.8,PPA,Plan,,,,73,26,26,52,26,,,,,203,203,,,125,78,
,,,,,,,PPA,Rephase,,,,,,,,104,99,,,,203,104,,,,203,
,,,,,,,PPA,Actual / Fcst,,,,,,,78,47,57,,,21,203,125,,,,182,21
,11a,AGEL Merchant,AGE25CL,Merchant,PSS-11,156,Merchant,Plan,,,,,,,,104,52,,,,156,104,,,,156,
,,,,,,,Merchant,Rephase,,,,,,,,,,104,52,,156,,,,,,156
,,,,,,,Merchant,Actual / Fcst,,,,,,,,,,78,62,16,156,,,,,,156
,12a,AGEL Merchant,AGE26AL,Merchant,PSS-12,140.4,Merchant,Plan,,,,,,,,,78,62,,,140,,,,,78,62
,,,,,,,Merchant,Rephase,,,,,,,,,,,78,62,140,,,,,,140
,,,,,,,Merchant,Actual / Fcst,,,,,,,,,,,78,62,140,,,,,,140
,,,,,,,,,,,,,,,,,,,,,,,,,,,
,A. Subtotal (Khavda Wind Projects),,,,,1128,,Plan,182,182,244,94,26,26,52,130,130,62,,,1128,936,,608,146,312,62
,,,,,,,,PPA,,,,73,26,26,52,26,,,,,203,203,,,125,78,
,,,,,,,,Merchant,156,151,244,21,,,,104,130,62,,,868,676,,551,21,234,62
,,,,,,,,Group,26,31,,,,,,,,,,,57,57,,57,,,
,,,,,,,,Rephase,104,26,161,78,78,78,104,104,99,104,130,62,1128,733,,291,234,307,296
,,,,,,,,PPA,,,,,,,,104,99,,,,203,104,,,,203,
,,,,,,,,Merchant,104,,130,78,78,78,104,,,104,130,62,868,572,,234,234,104,296
,,,,,,,,Group,,26,31,,,,,,,,,,57,57,,57,,,
,,,,,,,,Actual / Fcst,104,26,161,68,125,31,78,83,57,114,172,109,1128,676,,291,224,218,395
,,,,,,,,PPA,,,,,,,78,47,57,,,21,203,125,,,,182,21
,,,,,,,,Merchant,104,,130,68,125,31,,36,,114,172,88,868,494,,234,224,36,374
,,,,,,,,Group,,26,31,,,,,,,,,,57,57,,57,,,
,,,,,,,,,,,,,,,,,,,,,,,,,,,
,B. Khavda Wind (Additional for Internal - 421 MW),,,,,,,,,,,,,,,,,,,,,,,,,,
,11b,AGEL Merchant,AGE25CL,Merchant,"PSS-11(32.2 MW)
PSS-14(67.6 MW)",98.8,Merchant,Plan,,,,,,,,,,99,,,99,,,,,,99
,,,,,,,Merchant,Rephase,,,,,,,,,,99,,,99,,,,,,99
,,,,,,,Merchant,Actual / Fcst,,,,,,,,,,10,16,73,99,,,,,,99
,12b,AGEL Merchant,AGE26AL,Merchant,PSS-14,312,Merchant,Plan,,,,,,,,,,42,156,114,312,,,,,,312
,,,,,,,Merchant,Rephase,,,,,,,,,,42,156,114,312,,,,,,312
,,,,,,,Merchant,Actual / Fcst,,,,,,,,,,36,135,140,312,,,,,,312
,13,AGEL Merchant,AGE25BL,Merchant,PSS-09,10.4,Merchant,Plan,,,,,,,,,10,,,,10,,,,,10,
,,,,,,,Merchant,Rephase,,,,,,,,,10,,,,10,,,,,10,
,,,,,,,Merchant,Actual / Fcst,,,,,,,,,,10,,,10,,,,,,10
,,,,,,,,,,,,,,,,,,,,,,,,,,,
,B. Subtotal (Additional for Internal - 421 MW),,,,,421,,Plan,,,,,,,,,10,140,156,114,421,,,,,10,411
,,,,,,,,PPA,,,,,,,,,,,,,,,,,,,
,,,,,,,,Merchant,,,,,,,,,10,140,156,114,421,,,,,10,411
,,,,,,,,Group,,,,,,,,,,,,,,,,,,,
,,,,,,,,Rephase,,,,,,,,,10,140,156,114,421,,,,,10,411
,,,,,,,,PPA,,,,,,,,,,,,,,,,,,,
,,,,,,,,Merchant,,,,,,,,,10,140,156,114,421,,,,,10,411
,,,,,,,,Group,,,,,,,,,,,,,,,,,,,
,,,,,,,,Actual / Fcst,,,,,,,,,,57,151,213,421,,,,,,421
,,,,,,,,PPA,,,,,,,,,,,,,,,,,,,
,,,,,,,,Merchant,,,,,,,,,,57,151,213,421,,,,,,421
,,,,,,,,Group,,,,,,,,,,,,,,,,,,,
,,,,,,,,,,,,,,,,,,,,,,,,,,,
,,,,,,,,,,,,,,,,,,,,,,,,,,,
,C. Mundra Wind - 76 MW (Chairman),,,,,,,,,,,,,,,,,,,,,,,,,,
,1,Merchant-Wind,AWEK3L,Merchant,Mundra North,75.9,Merchant,Plan,,,,,,,,,,,,76,76,,,,,,76
,,,,,,,Merchant,Rephase,,,,,,,,,,,,76,76,,,,,,76
,,,,,,,Merchant,Actual / Fcst,,,,,,,,,,,,76,76,,,,,,76
,,,,,,,,,,,,,,,,,,,,,,,,,,,
,C. Mundra Wind,,,,,76,,Plan,,,,,,,,,,,,76,76,,,,,,76
,,,,,,,,PPA,,,,,,,,,,,,,,,,,,,
,,,,,,,,Merchant,,,,,,,,,,,,76,76,,,,,,76
,,,,,,,,Group,,,,,,,,,,,,,,,,,,,
,,,,,,,,Rephase,,,,,,,,,,,,76,76,,,,,,76
,,,,,,,,PPA,,,,,,,,,,,,,,,,,,,
,,,,,,,,Merchant,,,,,,,,,,,,76,76,,,,,,76
,,,,,,,,Group,,,,,,,,,,,,,,,,,,,
,,,,,,,,Actual / Fcst,,,,,,,,,,,,76,76,,,,,,76
,,,,,,,,PPA,,,,,,,,,,,,,,,,,,,
,,,,,,,,Merchant,,,,,,,,,,,,76,76,,,,,,76
,,,,,,,,Group,,,,,,,,,,,,,,,,,,,
,,,,,,,,,,,,,,,,,,,,,,,,,,,
,,,,,,,,,,,,,,,,,,,,,,,,,,,
,D. Mundra Wind - (Additional for Internal 224.4),,,,,,,,,,,,,,,,,,,,,,,,,,
,1,Merchant-Wind,AWEK3L,Merchant,Mundra North,247.5,Merchant,Plan,,,,,,,,,,116,116,17,248,,,,,,248
,,,,,,,Merchant,Rephase,,,,,,,,,,66,56,,122,,,,,,122
,,,,,,,Merchant,Actual / Fcst,,,,,,,,,,,53,195,248,,,,,,248
,,,,,,,,,,,,,,,,,,,,,,,,,,,
,,,,,,,,,,,,,,,,,,,,,,,,,,,
,,,,,,,,Khavda Projects,,,,,,,,,,,,,,,,,,,
,,,,,,,,,Apr-25,May-25,Jun-25,Jul-25,Aug-25,Sep-25,Oct-25,Nov-25,Dec-25,Jan-26,Feb-26,Mar-26,,,,,,,
,,,,,,,,Plan,1115,532,1196,644,26,459,419,405,555,262,,,,,,,,,
,,,,,,,,Rephase,474,314,799,426,503,353,367,459,249,721,630,320,,,,,,,
,,,,,,,,Actual / Fcst,474,314,799,128,387,531,203,370,818,972,388,267,,,,,,,
,,,,,,,,,,,,,,,,,,,,,,,,,,,
,,,,,,,,OS Khavda Projects,,,,,,,,,,,,,,,,,,,
,,,,,,,,,Apr-25,May-25,Jun-25,Jul-25,Aug-25,Sep-25,Oct-25,Nov-25,Dec-25,Jan-26,Feb-26,Mar-26,,,,,,,
,,,,,,,,Plan,,,350,,,,,250,484,300,,76,,,,,,,
,,,,,,,,Rephase,,,50,150,150,,,,534,250,250,76,,,,,,,
,,,,,,,,Actual / Fcst,,,50,,150,,150,,,200,150,760,,,,,,,
,,,,,,,,,,,50,,150,,150,,,200,150,684,,,,,,,
